<botcomponent schemaname="cr74d_aiStylist.knowledge.PublicSiteSearchSource.0">
  <componenttype>16</componenttype>
  <description>This knowledge source searches information on the web found in https://cdn.wildapricot.com/255957/resources website</description>
  <iscustomizable>0</iscustomizable>
  <name>https://cdn.wildapricot.com/255957/resources</name>
  <parentbotid>
    <schemaname>cr74d_aiStylist</schemaname>
  </parentbotid>
  <statecode>0</statecode>
  <statuscode>1</statuscode>
</botcomponent>