<botcomponent schemaname="cr74d_aiStylist.component.jaic_v1_05.pdf_qpl">
  <componenttype>14</componenttype>
  <description>This knowledge source searches information contained in jaic_v1_05.pdf</description>
  <filedata mimetype="application/pdf">jaic_v1_05.pdf</filedata>
  <iscustomizable>0</iscustomizable>
  <name>jaic_v1_05.pdf</name>
  <parentbotid>
    <schemaname>cr74d_aiStylist</schemaname>
  </parentbotid>
  <statecode>0</statecode>
  <statuscode>1</statuscode>
</botcomponent>