<botcomponent schemaname="cr74d_aiStylist.component.Personalcoloranalysisbasedoncolorharmonyforskintone.pdf_HMO">
  <componenttype>14</componenttype>
  <description>This knowledge source searches information contained in Personal color analysis based on color harmony for skin tone.pdf</description>
  <filedata mimetype="application/pdf">Personal%20color%20analysis%20based%20on%20color%20harmony%20for%20skin%20tone.pdf</filedata>
  <iscustomizable>0</iscustomizable>
  <name>Personal color analysis based on color harmony for skin tone.pdf</name>
  <parentbotid>
    <schemaname>cr74d_aiStylist</schemaname>
  </parentbotid>
  <statecode>0</statecode>
  <statuscode>1</statuscode>
</botcomponent>